{
  "Base_ELM": {
    "metrics": {
      "R2": 0.9889241332560954,
      "MAPE": 19.13694948828267,
      "VAF": 98.89257266961397,
      "NASH": 0.9889241332560954,
      "AIC": 3625.041664572084
    },
    "training_time": 0.202446
  },
  "ICA_ELM": {
    "metrics": {
      "R2": 0.9818990333640117,
      "MAPE": 22.401520417575927,
      "VAF": 98.1919237951038,
      "NASH": 0.9818990333640117,
      "AIC": 3822.011568531641
    },
    "training_time": 254.408303
  },
  "MFO_ELM": {
    "metrics": {
      "R2": 0.965023593100272,
      "MAPE": 33.75188125310509,
      "VAF": 96.50287396644349,
      "NASH": 0.965023593100272,
      "AIC": 4086.153638319506
    },
    "training_time": 340.133139
  },
  "HBO_ELM": {
    "metrics": {
      "R2": 0.9844292227601559,
      "MAPE": 25.915087054652307,
      "VAF": 98.44462659703956,
      "NASH": 0.9844292227601559,
      "AIC": 3761.633223699659
    },
    "training_time": 299.552337
  },
  "BOA_ELM": {
    "metrics": {
      "R2": 0.9745711770795035,
      "MAPE": 23.2455462471484,
      "VAF": 97.46206591018539,
      "NASH": 0.9745711770795035,
      "AIC": 3958.318666149032
    },
    "train_metrics": {
      "R2": 0.9739414316461039,
      "MAPE": 23.54985614763098,
      "VAF": 97.39414380711521,
      "NASH": 0.9739414316461039,
      "AIC": 16112.21098496255
    },
    "training_time": 136.342951,
    "convergence_curve": [
      0.06931526318711746,
      0.059879053787157716,
      0.04357973848935361,
      0.03406938831143289,
      0.030613324818614496,
      0.027452116586168182,
      0.026522013926077274,
      0.024655401373246465,
      0.023147193937208314,
      0.02228216244540017,
      0.020576058812111813,
      0.020179206364724134,
      0.019840784254301563,
      0.01944000509468075,
      0.01848414738835924,
      0.01759665954181839,
      0.01759665954181839,
      0.017505114643316833,
      0.016582008167869085,
      0.016582008167869085,
      0.01645301136628407,
      0.016340738287563633,
      0.016337359383394052,
      0.016228117938612858,
      0.016148515947293475,
      0.016148515947293475,
      0.016128682517926665,
      0.01605920575056753,
      0.01593241169171286,
      0.01590618353212072,
      0.015873145040127185,
      0.015745924488271525,
      0.015745924488271525,
      0.01571905928768049,
      0.015718096672426705,
      0.015652715279763585,
      0.015652715279763585,
      0.015652715279763585,
      0.015651309607948853,
      0.015576748244321908,
      0.015576748244321908,
      0.015538665381602356,
      0.015534182836271684,
      0.015490870427560711,
      0.015490870427560711,
      0.015490489671025294,
      0.015490489671025294,
      0.015480547271796076,
      0.0154804867423552,
      0.015462713051849377,
      0.015457294379784334,
      0.015457294379784334,
      0.015457294379784334,
      0.015436048275557923,
      0.015436048275557923,
      0.015415170216340824,
      0.015415170216340824,
      0.015413493588359766,
      0.01539670114514129,
      0.01539670114514129,
      0.015394112581299026,
      0.015381583936703901,
      0.015367836071329058,
      0.015367836071329058,
      0.015363160758116064,
      0.015341556384929416,
      0.015341556384929416,
      0.015341548638229363,
      0.015341548638229363,
      0.015337083011025775,
      0.015332034787430041,
      0.015328967653605441,
      0.01531789224752581,
      0.015314391864775533,
      0.015314391864775533,
      0.015307991716211387,
      0.015307991716211387,
      0.015307991716211387,
      0.015307991716211387,
      0.015303046442601387
    ]
  }
}